id,occurrence_id,last_modified,callnumber,title,scientificname,collector,collecting_date,latitude,longitude,datum,geographic_continent,geographic_country,geographic_stateprovince,geographic_county,geographic_municipality,geographic_locality,common_name,type,format,era,geographic_culture,identified_by,identification_references,previous_identifications,associated_references
2943509,urn:uuid:ac7ed786-3abb-4f58-ba45-e6d4f94f6a1e,2016-03-08T09:58:26.000Z,YPM IZ 005248.CN,"Acanthogorgia armata; YPM IZ 005248.CN; North America; Atlantic Ocean; Canada; Nova Scotia; Sable Island; S of Sable Island; Jeffreys J. Lavender, Schr. Addison Centre; 1879",Acanthogorgia armata,"Jeffreys J. Lavender, Schr. Addison Centre",1879,43.5000,-59.8333,,North America,Canada,Nova Scotia,,Sable Island,S of Sable Island,sea fans and sea whips; stony corals and anemones; cnidarians; corals; animals,,,,,,,Acanthogorgia armata
2945029,urn:uuid:7462ba4a-d438-40a0-856c-35621ac202af,2016-03-07T11:41:34.000Z,YPM IZ 008600.CN,Acanthogorgia armata; YPM IZ 008600.CN; North America; Atlantic Ocean; Canada; Nova Scotia; Sable Island Bank; Southern part of Sable Island Bank; Schr. S. R. Lane; 1879,Acanthogorgia armata,Schr. S. R. Lane,1879,43.5333,-60.3500,,North America,Canada,Nova Scotia,,Sable Island Bank,Southern part of Sable Island Bank,sea fans and sea whips; stony corals and anemones; cnidarians; corals; animals,,,,,,,Acanthogorgia armata
2945030,urn:uuid:28e71eda-2c55-4196-84c6-cbd57f15fbfe,2016-03-06T17:10:26.000Z,YPM IZ 008601.CN,Acanthogorgia armata; YPM IZ 008601.CN; North America; Atlantic Ocean; Canada; Nova Scotia; Sable Island Bank; S-slope of Sable Island Bank; between Bonnecamps Canyon and Logan Canyon; Schr. Augusta. H. Johnson; 1879,Acanthogorgia armata,Schr. Augusta. H. Johnson,1879,43.2500,-60.3333,,North America,Canada,Nova Scotia,,Sable Island Bank,S-slope of Sable Island Bank; between Bonnecamps Canyon and Logan Canyon,sea fans and sea whips; stony corals and anemones; cnidarians; corals; animals,,,,,,,Acanthogorgia armata
2945031,urn:uuid:24169cd4-a565-46a8-ab81-3154efb5729a,2016-03-06T17:10:26.000Z,YPM IZ 008602.CN,Acanthogorgia armata; YPM IZ 008602.CN; North America; Atlantic Ocean; Canada; Newfoundland; Grand Banks; Edge of Grand Banks; Schr. Guy Cunningham; 1880-07-10,Acanthogorgia armata,Schr. Guy Cunningham,1880-07-10,,,,North America,Canada,Newfoundland,,Grand Banks,Edge of Grand Banks,sea fans and sea whips; stony corals and anemones; cnidarians; corals; animals,,,,,,,Acanthogorgia armata
2945032,urn:uuid:f92524b3-83c0-4d8b-b724-b8c9b573ec99,2016-03-09T10:37:09.000Z,YPM IZ 008603.CN,Acanthogorgia armata; YPM IZ 008603.CN; North America; Atlantic Ocean; Canada; Nova Scotia; Sable Island; Gully between Sable Island Bank and Banquereau; Schr. Grace L. Fears; 1879,Acanthogorgia armata,Schr. Grace L. Fears,1879,43.8000,-59.0000,,North America,Canada,Nova Scotia,,Sable Island,Gully between Sable Island Bank and Banquereau,sea fans and sea whips; stony corals and anemones; cnidarians; corals; animals,,,,,,,Acanthogorgia armata
2911720,urn:uuid:1d315ebd-0132-4d00-8590-109cb86b4056,2016-03-06T17:10:26.000Z,YPM IZ 008604.CNA,"Acanthogorgia armata; YPM IZ 008604.CNA (SYNTYPE); North America; Atlantic Ocean; Canada; Nova Scotia; Western Bank; Thomas Goodwin, Schr. Elisha Crowell; 1878",Acanthogorgia armata,"Thomas Goodwin, Schr. Elisha Crowell",1878,,,,North America,Canada,Nova Scotia,,Western Bank,,sea fans and sea whips; stony corals and anemones; cnidarians; corals; animals,,,,,,"Verrill, Addison E. 1878. Notice of recent additions to the marine fauna of the eastern coast of North America. No. 2. American Journal of Science. 16: 371-378.",Acanthogorgia armata,"SYNTYPE. See: Verrill, Addison E. 1878. Notice of recent additions to the marine fauna of the eastern coast of North America. No. 2. American Journal of Science. 16: 371-378."
2945033,urn:uuid:39760d40-6d7f-4014-9afe-b94d30d8d16b,2016-03-06T17:10:26.000Z,YPM IZ 008604.CNB,"Acanthogorgia armata; YPM IZ 008604.CNB (SYNTYPE); North America; Atlantic Ocean; Canada; Nova Scotia; Western Bank; Thomas Goodwin, Schr. Elisha Crowell; 1878",Acanthogorgia armata,"Thomas Goodwin, Schr. Elisha Crowell",1878,,,,North America,Canada,Nova Scotia,,Western Bank,,sea fans and sea whips; stony corals and anemones; cnidarians; corals; animals,,,,,,"Verrill, Addison E. 1878. Notice of recent additions to the marine fauna of the eastern coast of North America. No. 2. American Journal of Science. 16: 371-378.",Acanthogorgia armata,"SYNTYPE. See: Verrill, Addison E. 1878. Notice of recent additions to the marine fauna of the eastern coast of North America. No. 2. American Journal of Science. 16: 371-378."
2946272,urn:uuid:e5fa885d-3388-4303-9b05-0062b8168068,2016-03-09T10:37:09.000Z,YPM IZ 010026.CN,"Acanthogorgia armata; YPM IZ 010026.CN; North America; Atlantic Ocean; USA; Massachusetts; Race Point Light; S. 23 D E. 5.5 miles, E of No. 308; U.S. Fish Comm. Stmr. Speedwell; 1879-08-25",Acanthogorgia armata,U.S. Fish Comm. Stmr. Speedwell,1879-08-25,42.1417,-70.28,,North America,USA,Massachusetts,,Race Point Light,"S. 23 D E. 5.5 miles, E of No. 308",sea fans and sea whips; stony corals and anemones; cnidarians; corals; animals,,,,,Addison E. Verrill,,Acanthogorgia armata,Det. by: Addison E. Verrill
2946273,urn:uuid:4bc657c2-8242-44b5-b70b-f81eae1d0244,2016-03-07T11:41:34.000Z,YPM IZ 010027.CN,"Acanthogorgia armata; YPM IZ 010027.CN (SYNTYPE); North America; Atlantic Ocean; USA; Massachusetts; George's Bank; Charles Anderson, Schr. Alice G. Wonson; 1878-09-19",Acanthogorgia armata,"Charles Anderson, Schr. Alice G. Wonson",1878-09-19,,,,North America,USA,Massachusetts,,George's Bank,,sea fans and sea whips; stony corals and anemones; cnidarians; corals; animals,,,,,,"Verrill, Addison E. 1878. Notice of recent additions to the marine fauna of the eastern coast of North America. No. 2. American Journal of Science. 16: 371-378.",Acanthogorgia armata,"SYNTYPE. See: Verrill, Addison E. 1878. Notice of recent additions to the marine fauna of the eastern coast of North America. No. 2. American Journal of Science. 16: 371-378."
2946274,urn:uuid:4109f12b-fadc-43cf-8d6c-dd6acdaaa840,2016-03-07T11:41:34.000Z,YPM IZ 010028.CN,"Acanthogorgia armata; YPM IZ 010028.CN; North America; Atlantic Ocean; Canada; off Continental Shelf; About 100 miles S of Cape Sable, Nova Scotia; U.S. Fish Comm. Stmr. Albatross; 1885-07-13",Acanthogorgia armata,U.S. Fish Comm. Stmr. Albatross,1885-07-13,41.7833,-65.6250,,North America,Canada,,,off Continental Shelf,"About 100 miles S of Cape Sable, Nova Scotia",sea fans and sea whips; stony corals and anemones; cnidarians; corals; animals,,,,,Addison E. Verrill,,Acanthogorgia armata,Det. by: Addison E. Verrill
2946275,urn:uuid:6fb32bbd-e1c2-43b8-9e72-8c0e62d3b5d3,2016-03-07T11:41:34.000Z,YPM IZ 010029.CN,Acanthogorgia armata; YPM IZ 010029.CN; North America; Atlantic Ocean; Canada; Newfoundland; Grand Banks; Schr. Mary F. Chisholm; 1880-09-30,Acanthogorgia armata,Schr. Mary F. Chisholm,1880-09-30,,,,North America,Canada,Newfoundland,,Grand Banks,,sea fans and sea whips; stony corals and anemones; cnidarians; corals; animals,,,,,Addison E. Verrill,,Acanthogorgia armata,Det. by: Addison E. Verrill
2946276,urn:uuid:64742312-2def-4c14-8e04-55f7f6c1f7e1,2016-03-16T15:23:08.000Z,YPM IZ 010030.CN,Acanthogorgia armata; YPM IZ 010030.CN; North America; Atlantic Ocean; USA; off Continental Shelf; U.S. Fish Comm. Stmr. Albatross; 1883-07-31,Acanthogorgia armata,U.S. Fish Comm. Stmr. Albatross,1883-07-31,40.0469,-68.8167,,North America,USA,,,off Continental Shelf,,sea fans and sea whips; stony corals and anemones; cnidarians; corals; animals,,,,,Addison E. Verrill,,Acanthogorgia armata,Det. by: Addison E. Verrill
2946277,urn:uuid:fa6c5747-41d7-4976-b35e-f96bdabe4352,2016-03-09T10:37:09.000Z,YPM IZ 010031.CN,Acanthogorgia armata; YPM IZ 010031.CN; North America; Atlantic Ocean; Canada; Newfoundland; Grand Banks; Schr. Mary F. Chisholm; 1880-09-30,Acanthogorgia armata,Schr. Mary F. Chisholm,1880-09-30,,,,North America,Canada,Newfoundland,,Grand Banks,,sea fans and sea whips; stony corals and anemones; cnidarians; corals; animals,,,,,Addison E. Verrill,,Acanthogorgia armata,Det. by: Addison E. Verrill
2946278,urn:uuid:cd47dc9f-d850-4e51-887c-7c30f34acd6c,2016-03-09T10:37:09.000Z,YPM IZ 010032.CN,Acanthogorgia armata; YPM IZ 010032.CN; North America; Atlantic Ocean; Canada; Nova Scotia; Saint Peter's Bank; Schr. Isaac A. Chapman; 1880-08-04,Acanthogorgia armata,Schr. Isaac A. Chapman,1880-08-04,44.8333,-65.2667,,North America,Canada,Nova Scotia,,Saint Peter's Bank,,sea fans and sea whips; stony corals and anemones; cnidarians; corals; animals,,,,,,,Acanthogorgia armata|Acanthogorgia armata var.,|Det. by: Addison E. Verrill
2946279,urn:uuid:f847c02c-692b-4ed6-9db2-7f34d976d397,2016-03-09T10:37:09.000Z,YPM IZ 010033.CN,"Acanthogorgia armata; YPM IZ 010033.CN; North America; Atlantic Ocean; USA; Continental Shelf off Atlantic States; NE of Norfolk, VA. Fine sand bottom; U.S. Fish Comm. Stmr. Albatross; 1883-04-27",Acanthogorgia armata,U.S. Fish Comm. Stmr. Albatross,1883-04-27,35.2833,-75.2167,,North America,USA,,,Continental Shelf off Atlantic States,"NE of Norfolk, VA. Fine sand bottom",sea fans and sea whips; stony corals and anemones; cnidarians; corals; animals,,,,,Addison E. Verrill,,Acanthogorgia armata,Det. by: Addison E. Verrill
2946280,urn:uuid:94726849-4428-44a4-b903-09a96b65d8ba,2016-03-08T09:58:26.000Z,YPM IZ 010034.CN,Acanthogorgia armata; YPM IZ 010034.CN; North America; Atlantic Ocean; Canada; Nova Scotia; Western Bank; Schr. Lizzie K. Clark; 1878-10-06,Acanthogorgia armata,Schr. Lizzie K. Clark,1878-10-06,43.5333,-59.7500,,North America,Canada,Nova Scotia,,Western Bank,,sea fans and sea whips; stony corals and anemones; cnidarians; corals; animals,,,,,Addison E. Verrill,,Acanthogorgia armata,Det. by: Addison E. Verrill
2946281,urn:uuid:5ca8eaf6-6f93-4292-9404-395fdc7c2e70,2016-03-07T11:41:34.000Z,YPM IZ 010035.CN,Acanthogorgia armata; YPM IZ 010035.CN; North America; Atlantic Ocean; Canada; Newfoundland; Grand Banks; Southwest edge of Grand Banks; Schr. Notice; 1880-09-14,Acanthogorgia armata,Schr. Notice,1880-09-14,,,,North America,Canada,Newfoundland,,Grand Banks,Southwest edge of Grand Banks,sea fans and sea whips; stony corals and anemones; cnidarians; corals; animals,,,,,Addison E. Verrill,,Acanthogorgia armata,Det. by: Addison E. Verrill
2946282,urn:uuid:b753f0c4-b797-4ffe-a7cd-6b334c55c677,2016-03-08T09:58:26.000Z,YPM IZ 010036.CN,Acanthogorgia armata; YPM IZ 010036.CN; North America; Atlantic Ocean; Canada; Nova Scotia; Off Nova Scotia; western edge Grand Banks; Schr. Plymouth Rock; 1880-08-16,Acanthogorgia armata,Schr. Plymouth Rock,1880-08-16,,,,North America,Canada,Nova Scotia,,Off Nova Scotia,western edge Grand Banks,sea fans and sea whips; stony corals and anemones; cnidarians; corals; animals,,,,,Addison E. Verrill,,Acanthogorgia armata,Det. by: Addison E. Verrill
2957125,urn:uuid:7d5d0e76-f5ef-41a4-87cd-01c4e76748f1,2016-03-07T11:41:34.000Z,YPM IZ 010037.CN,Acanthogorgia armata; YPM IZ 010037.CN; North America; Atlantic Ocean; Canada; Nova Scotia; Sable Island; off Sable Island; Schr. Proctor Brothers; 1879-12,Acanthogorgia armata,Schr. Proctor Brothers,1879-12,43.2667,-60.5833,,North America,Canada,Nova Scotia,,Sable Island,off Sable Island,sea fans and sea whips; stony corals and anemones; cnidarians; corals; animals,,,,,Addison E. Verrill,,Acanthogorgia armata,Det. by: Addison E. Verrill
2946283,urn:uuid:f37f963b-afcb-498d-ba24-fc039eff5099,2016-03-09T10:37:09.000Z,YPM IZ 010038.CN,Acanthogorgia armata; YPM IZ 010038.CN; North America; Atlantic Ocean; Canada; Newfoundland; Grand Banks; Edge of Grand Banks; Schr. Guy Cunningham; 1880-08-16,Acanthogorgia armata,Schr. Guy Cunningham,1880-08-16,,,,North America,Canada,Newfoundland,,Grand Banks,Edge of Grand Banks,sea fans and sea whips; stony corals and anemones; cnidarians; corals; animals,,,,,Addison E. Verrill,,Acanthogorgia armata,Det. by: Addison E. Verrill
2946284,urn:uuid:a5f687ac-d881-4f8c-bdfc-ae051b1e8773,2016-03-08T09:58:26.000Z,YPM IZ 010039.CN,Acanthogorgia armata; YPM IZ 010039.CN; North America; Atlantic Ocean; Canada; Newfoundland; Grand Banks; Edge of Grand Banks; Schr. Guy Cunningham; 1880-08-16,Acanthogorgia armata,Schr. Guy Cunningham,1880-08-16,,,,North America,Canada,Newfoundland,,Grand Banks,Edge of Grand Banks,sea fans and sea whips; stony corals and anemones; cnidarians; corals; animals,,,,,,,Acanthogorgia armata
2946350,urn:uuid:b3596c27-2f8f-4202-a7c7-52d26832d05b,2016-03-08T09:58:26.000Z,YPM IZ 010104.CN,"Acanthogorgia armata; YPM IZ 010104.CN; North America; Atlantic Ocean; USA; Gulf of Maine; SW of Grand Manan Bank; Willard D. Hartman, R/V Albatross III Cruise 28; 1949-09-12",Acanthogorgia armata,"Willard D. Hartman, R/V Albatross III Cruise 28",1949-09-12,,,,North America,USA,,,Gulf of Maine,SW of Grand Manan Bank,sea fans and sea whips; stony corals and anemones; cnidarians; corals; animals,,,,,,,Acanthogorgia armata
4203905,urn:uuid:eb02ce56-9283-450b-ab7a-4e830df40594,2016-04-15T13:37:42.000Z,YPM IZ 079573,Acanthogorgia armata; YPM IZ 079573 (SYNTYPE?); North America; Atlantic Ocean; off Nova Scotia or off Georges Bank; Gloucester Fisheries,Acanthogorgia armata,Gloucester Fisheries,,,,,North America,,,,,off Nova Scotia or off Georges Bank,sea fans and sea whips; stony corals and anemones; cnidarians; corals; animals,,,,,,"Verrill, Addison E. 1878. Notice of recent additions to the marine fauna of the eastern coast of North America. No. 2. American Journal of Science. 16: 371-378.",Acanthogorgia armata,"SYNTYPE?. See: Verrill, Addison E. 1878. Notice of recent additions to the marine fauna of the eastern coast of North America. No. 2. American Journal of Science. 16: 371-378."
4203904,urn:uuid:88a4cf36-a243-49f0-bb0d-2ea9d8c6ccca,2016-04-15T13:49:27.000Z,YPM IZ 079574,Acanthogorgia armata; YPM IZ 079574; North America; Atlantic Ocean; Fishing Banks; Gloucester Fisheries,Acanthogorgia armata,Gloucester Fisheries,,,,,North America,,,,,Fishing Banks,sea fans and sea whips; stony corals and anemones; cnidarians; corals; animals,,,,,Addison E. Verrill,,Acanthogorgia armata,Det. by: Addison E. Verrill
4187984,urn:uuid:7391f881-8053-4180-802b-c11bdd4ec3d3,2016-03-16T15:23:08.000Z,YPM IZ 005855.CN,"Acanthogorgia aspera; YPM IZ 005855.CN (HYPOTYPE); Atlantic Ocean; Caribbean Sea; Saint Vincent; S of Saint Vincent; Alexander E. Agassiz, U.S. Coast Survey Stmr. Blake; 1879-02-18",Acanthogorgia aspera,"Alexander E. Agassiz, U.S. Coast Survey Stmr. Blake",1879-02-18,13.1100,-61.2125,,,,,,Saint Vincent,S of Saint Vincent,sea fans and sea whips; stony corals and anemones; cnidarians; corals; animals,,,,,,"Deichmann, Elisabeth. 1936. The Alcyonaria of the western part of the Atlantic Ocean. Memoirs of the Museum of Comparative Zoology at Harvard College. 53: 1-317, pls. 1-37.",Acanthogorgia aspera|Cactomuricea setosa|Acanthogorgia aspera,"HYPOTYPE. See: Deichmann, Elisabeth. 1936. The Alcyonaria of the western part of the Atlantic Ocean. Memoirs of the Museum of Comparative Zoology at Harvard College. 53: 1-317, pls. 1-37.|MS NAME. Det. by: Addison E. Verrill|Det. by: Addison E. Verrill"
4187964,urn:uuid:a063a427-20ac-497a-8197-3773bce6d6d1,2016-03-16T15:23:08.000Z,YPM IZ 005856.CN,"Acanthogorgia aspera; YPM IZ 005856.CN (HYPOTYPE); Atlantic Ocean; Caribbean Sea; Barbados; W of Barbados; Alexander E. Agassiz, U.S. Coast Survey Stmr. Blake; 1879-03-09",Acanthogorgia aspera,"Alexander E. Agassiz, U.S. Coast Survey Stmr. Blake",1879-03-09,13.1983,-59.6458,,,Barbados,,,,W of Barbados,sea fans and sea whips; stony corals and anemones; cnidarians; corals; animals,,,,,,"Deichmann, Elisabeth. 1936. The Alcyonaria of the western part of the Atlantic Ocean. Memoirs of the Museum of Comparative Zoology at Harvard College. 53: 1-317, pls. 1-37.",Acanthogorgia aspera|Cactomuricea setosa,"HYPOTYPE. See: Deichmann, Elisabeth. 1936. The Alcyonaria of the western part of the Atlantic Ocean. Memoirs of the Museum of Comparative Zoology at Harvard College. 53: 1-317, pls. 1-37.|MS NAME. Det. by: Addison E. Verrill"
4195971,urn:uuid:0de5c5c4-00f1-452e-8249-eb952aa5298d,2016-05-12T15:55:56.000Z,YPM IZ 006547.CN,"Acanthogorgia aspera; YPM IZ 006547.CN (HOLOTYPE); Atlantic Ocean; Cuba; Havana Province; Havana; USCS Sta. 2P or 4P. 1.6 miles off Chorrera (Chorrera is a small harbor 3 to 4 miles west of Havana); Louis F. Pourtales, U.S. Coast Survey Stmr. Corwin; 1867-05-24/1867-05-29",Acanthogorgia aspera,"Louis F. Pourtales, U.S. Coast Survey Stmr. Corwin",1867-05-24/1867-05-29,,,,,Cuba,Havana Province,,Havana,USCS Sta. 2P or 4P. 1.6 miles off Chorrera (Chorrera is a small harbor 3 to 4 miles west of Havana),sea fans and sea whips; stony corals and anemones; cnidarians; corals; animals,,,,,,"Pourtales, Louis F. 1867. Contributions to the fauna of the Gulf Stream at great depths. Bulletin of the Museum of Comparative Zoology Harvard University. 1: 103-120.",Acanthogorgia aspera|Cactomuricea aspera|Acanthogorgia aspera|Acanthogorgia aspera,"HYPOTYPE. See: Deichmann, Elisabeth. 1936. The Alcyonaria of the western part of the Atlantic Ocean. Memoirs of the Museum of Comparative Zoology at Harvard College. 53: 1-317, pls. 1-37.|MS NAME. Det. by: Addison E. Verrill|HYPOTYPE. See: Verrill, Addison E. 1883. Report on the Anthozoa, and on some additional species dredged by the ""Blake"" in 1877-79, and by the U.S. Fish Commission steamer ""Fish Hawk"" in 1880-1882. Bulletin of the Museum of Comparative Zoology Harvard University. 11 (1):|HOLOTYPE. See: Pourtales, Louis F. 1867. Contributions to the fauna of the Gulf Stream at great depths. Bulletin of the Museum of Comparative Zoology Harvard University. 1: 103-120."
4196857,urn:uuid:f57c958d-cc07-4b92-9297-cb8164db215c,2016-03-14T23:25:19.000Z,YPM IZ 006550.CN,"Acanthogorgia barbata; YPM IZ 006550.CN (MS NAME); Atlantic Ocean; Caribbean Sea; Barbados; off Barbados; Alexander E. Agassiz, U.S. Coast Survey Stmr. Blake; 1879-03-08",Acanthogorgia barbata,"Alexander E. Agassiz, U.S. Coast Survey Stmr. Blake",1879-03-08,13.1903,-59.7597,,,,,,Barbados,off Barbados,sea fans and sea whips; stony corals and anemones; cnidarians; corals; animals,,,,,Addison E. Verrill,,Acanthogorgia barbata,MS NAME. Det. by: Addison E. Verrill
4171429,urn:uuid:90e9e4ea-6dc8-4f07-a813-0c10745091f9,2016-03-16T15:23:08.000Z,YPM IZ 078726,"Acanthogorgia carduella; YPM IZ 078726 (MS NAME); Atlantic Ocean; Caribbean Sea; Barbados; Sandy Bay; Off Sandy Bay. USCS Stas. 217P-220P; Louis F. Pourtales, U.S. Fish Comm. Stmr. Hassler; 1871-12-29",Acanthogorgia carduella,"Louis F. Pourtales, U.S. Fish Comm. Stmr. Hassler",1871-12-29,,,,,Barbados,,,Sandy Bay,Off Sandy Bay. USCS Stas. 217P-220P,sea fans and sea whips; stony corals and anemones; cnidarians; corals; animals,,,,,Addison E. Verrill,,Acanthogorgia carduella,MS NAME. Det. by: Addison E. Verrill
2924112,urn:uuid:df265565-f98e-4263-bc05-804e0c00bc25,2016-03-16T15:23:08.000Z,YPM IZ 048076,"Acanthogorgia cf. armata; YPM IZ 048076; North America; Atlantic Ocean; USA; Retriever Seamount; South side of summit; Les Watling, R/V Ronald Brown Cruise RB04-04; 2004-05-23",Acanthogorgia cf. armata,"Les Watling, R/V Ronald Brown Cruise RB04-04",2004-05-23,39.8072,-66.2501,,North America,USA,,,Retriever Seamount,South side of summit,sea fans and sea whips; stony corals and anemones; cnidarians; corals; animals,,,,,"Anne Simpson, C. Moesher",,Acanthogorgia cf. armata,"Det. by: Anne Simpson, C. Moesher 2006"
2924115,urn:uuid:76816cc2-6769-458c-9602-27ecdaa6c068,2016-03-16T15:23:08.000Z,YPM IZ 048077,"Acanthogorgia cf. armata; YPM IZ 048077; North America; Atlantic Ocean; USA; Retriever Seamount; South side of summit; Les Watling, R/V Ronald Brown Cruise RB04-04; 2004-05-23",Acanthogorgia cf. armata,"Les Watling, R/V Ronald Brown Cruise RB04-04",2004-05-23,39.8097,-66.2492,,North America,USA,,,Retriever Seamount,South side of summit,sea fans and sea whips; stony corals and anemones; cnidarians; corals; animals,,,,,,,Acanthogorgia cf. armata
2924117,urn:uuid:1fb123f4-5796-4c0c-b904-20539514a863,2016-03-16T15:23:08.000Z,YPM IZ 048078,"Acanthogorgia cf. armata; YPM IZ 048078; North America; Atlantic Ocean; USA; Retriever Seamount; South side of summit; Les Watling, R/V Ronald Brown Cruise RB04-04; 2004-05-23",Acanthogorgia cf. armata,"Les Watling, R/V Ronald Brown Cruise RB04-04",2004-05-23,39.8072,-66.2501,,North America,USA,,,Retriever Seamount,South side of summit,sea fans and sea whips; stony corals and anemones; cnidarians; corals; animals,,,,,"Anne Simpson, C. Moesher",,Acanthogorgia cf. armata,"Det. by: Anne Simpson, C. Moesher 2006"
2924121,urn:uuid:97b951ff-554c-4d26-987a-22c5ba1a0b4c,2016-03-16T15:23:08.000Z,YPM IZ 048079,"Acanthogorgia cf. armata; YPM IZ 048079; North America; Atlantic Ocean; USA; Manning Seamount; Coordinates: X 1691, Y 1645; Les Watling, Scott C. France, R/V Atlantis Cruise AT08-01; 2003-07-13",Acanthogorgia cf. armata,"Les Watling, Scott C. France, R/V Atlantis Cruise AT08-01",2003-07-13,38.2647,-60.5475,,North America,USA,,,Manning Seamount,"Coordinates: X 1691, Y 1645",sea fans and sea whips; stony corals and anemones; cnidarians; corals; animals,,,,,Anne Simpson,,Acanthogorgia cf. armata,Det. by: Anne Simpson
2924123,urn:uuid:2a1c0db6-4084-4e2b-b291-4199495e9ddd,2016-03-16T15:23:08.000Z,YPM IZ 048080,"Acanthogorgia cf. armata; YPM IZ 048080; North America; Atlantic Ocean; USA; Rehoboth Seamount; Les Watling, R/V Ronald Brown Cruise RB05-08, Deep Atlantic Stepping Stones; 2005-08-28",Acanthogorgia cf. armata,"Les Watling, R/V Ronald Brown Cruise RB05-08, Deep Atlantic Stepping Stones",2005-08-28,37.46033,-59.95000,,North America,USA,,,Rehoboth Seamount,,sea fans and sea whips; stony corals and anemones; cnidarians; corals; animals,,,,,Anne Simpson,,Acanthogorgia cf. armata,Det. by: Anne Simpson
4195993,urn:uuid:bd24269a-d2de-429c-bd66-f61a001efb46,2016-03-14T09:03:21.000Z,YPM IZ 079107,"Acanthogorgia dispar; YPM IZ 079107 (MS NAME); Atlantic Ocean; Gulf of Mexico; Cuba; Havana Province; Havana; off Havana. Sta. 2-16; C.C. Nutting and party, State Univ. of Iowa Bahamas Expedition (1893); 1893-05-24/1893-05-29",Acanthogorgia dispar,"C.C. Nutting and party, State Univ. of Iowa Bahamas Expedition (1893)",1893-05-24/1893-05-29,,,,,Cuba,Havana Province,,Havana,off Havana. Sta. 2-16,sea fans and sea whips; stony corals and anemones; cnidarians; corals; animals,,,,,Addison E. Verrill,,Acanthogorgia dispar,MS NAME. Det. by: Addison E. Verrill
4195996,urn:uuid:ae7edc4b-74bb-43e7-be46-f59bccf5c323,2016-03-09T23:25:34.000Z,YPM IZ 006548.CN,"Acanthogorgia enopla; YPM IZ 006548.CN (MS NAME); Atlantic Ocean; Caribbean Sea; Dominica; off Dominica; Alexander E. Agassiz, U.S. Coast Survey Stmr. Blake; 1879-01-28",Acanthogorgia enopla,"Alexander E. Agassiz, U.S. Coast Survey Stmr. Blake",1879-01-28,15.2708,-61.4111,,,,,,Dominica,off Dominica,sea fans and sea whips; stony corals and anemones; cnidarians; corals; animals,,,,,Addison E. Verrill,,Acanthogorgia enopla,MS NAME. Det. by: Addison E. Verrill
4196858,urn:uuid:f69b73eb-54cf-4c19-a257-22654e78ba6b,2016-03-14T23:25:19.000Z,YPM IZ 005964.CN,"Acanthogorgia exigua; YPM IZ 005964.CN (MS NAME); Atlantic Ocean; Caribbean Sea; Barbados; SE of Barbados; Alexander E. Agassiz, U.S. Coast Survey Stmr. Blake; 1879-03-05",Acanthogorgia exigua,"Alexander E. Agassiz, U.S. Coast Survey Stmr. Blake",1879-03-05,13.0639,-59.6181,,,Barbados,,,,SE of Barbados,sea fans and sea whips; stony corals and anemones; cnidarians; corals; animals,,,,,Addison E. Verrill,,Acanthogorgia exigua,MS NAME. Det. by: Addison E. Verrill
2944010,urn:uuid:1efbc94c-a53a-4ada-9e5f-9d59f4fb7c03,2016-03-06T17:10:26.000Z,YPM IZ 006372.CN,"Acanthogorgia hirta; YPM IZ 006372.CN; Atlantic Ocean; Caribbean Sea; Saint Vincent; W of Saint Vincent; Alexander E. Agassiz, U.S. Coast Survey Stmr. Blake; 1879-02-20",Acanthogorgia hirta,"Alexander E. Agassiz, U.S. Coast Survey Stmr. Blake",1879-02-20,13.2028,-61.2883,,,,,,Saint Vincent,W of Saint Vincent,sea fans and sea whips; stony corals and anemones; cnidarians; corals; animals,,,,,,,Acanthogorgia hirta|Trachymuricea hirta|Paramuricea hirta|Acromuricea hirtella,||Det. by: Addison E. Verrill|MS NAME. Det. by: Addison E. Verrill
4195703,urn:uuid:49afa026-35ee-4fe2-a0e7-0edc1bea08a2,2016-05-12T15:55:57.000Z,YPM IZ 006540.CN,"Acanthogorgia hirta; YPM IZ 006540.CN (SYNTYPE); North America; Atlantic Ocean; USA; Florida; Straits of Florida; about 30 miles S of Sombrero Key; Louis F. Pourtales, U.S. Coast Survey Stmr. Bibb; 1868-05-04",Acanthogorgia hirta,"Louis F. Pourtales, U.S. Coast Survey Stmr. Bibb",1868-05-04,24.2389,-80.9944,,North America,USA,Florida,,Straits of Florida,about 30 miles S of Sombrero Key,sea fans and sea whips; stony corals and anemones; cnidarians; corals; animals,,,,,,"Pourtales, Louis F. 1868. Contributions to the fauna of the Gulf Stream at great depths. Bulletin of the Museum of Comparative Zoology Harvard University. 1 (7): 121-142.",Trachymuricea hirta|Paramuricea hirta|Acanthogorgia hirta,"HYPOTYPE. See: Deichmann, Elisabeth. 1936. The Alcyonaria of the western part of the Atlantic Ocean. Memoirs of the Museum of Comparative Zoology at Harvard College. 53: 1-317, pls. 1-37.|HYPOTYPE. See: Verrill, Addison E. 1883. Report on the Anthozoa, and on some additional species dredged by the ""Blake"" in 1877-79, and by the U.S. Fish Commission steamer ""Fish Hawk"" in 1880-1882. Bulletin of the Museum of Comparative Zoology Harvard University. 11 (1):|SYNTYPE. See: Pourtales, Louis F. 1868. Contributions to the fauna of the Gulf Stream at great depths. Bulletin of the Museum of Comparative Zoology Harvard University. 1 (7): 121-142."
4195693,urn:uuid:730c505c-1469-47fb-834d-0bf1a762acdf,2016-05-12T15:55:57.000Z,YPM IZ 079094,"Acanthogorgia hirta; YPM IZ 079094 (SYNTYPE); North America; Atlantic Ocean; USA; Florida; Straits of Florida; about 30 miles S of Sombrero Key; Louis F. Pourtales, U.S. Coast Survey Stmr. Bibb; 1868-05-04",Acanthogorgia hirta,"Louis F. Pourtales, U.S. Coast Survey Stmr. Bibb",1868-05-04,24.2389,-80.9944,,North America,USA,Florida,,Straits of Florida,about 30 miles S of Sombrero Key,sea fans and sea whips; stony corals and anemones; cnidarians; corals; animals,,,,,,"Pourtales, Louis F. 1868. Contributions to the fauna of the Gulf Stream at great depths. Bulletin of the Museum of Comparative Zoology Harvard University. 1 (7): 121-142.",Trachymuricea hirta|Paramuricea hirta|Acanthogorgia hirta,"HYPOTYPE. See: Deichmann, Elisabeth. 1936. The Alcyonaria of the western part of the Atlantic Ocean. Memoirs of the Museum of Comparative Zoology at Harvard College. 53: 1-317, pls. 1-37.|HYPOTYPE. See: Verrill, Addison E. 1883. Report on the Anthozoa, and on some additional species dredged by the ""Blake"" in 1877-79, and by the U.S. Fish Commission steamer ""Fish Hawk"" in 1880-1882. Bulletin of the Museum of Comparative Zoology Harvard University. 11 (1):|SYNTYPE. See: Pourtales, Louis F. 1868. Contributions to the fauna of the Gulf Stream at great depths. Bulletin of the Museum of Comparative Zoology Harvard University. 1 (7): 121-142."
4197310,urn:uuid:dab03d33-62f9-4167-a1d5-40d89d6fb5e1,2016-03-16T15:23:08.000Z,YPM IZ 079155,"Acanthogorgia hispida; YPM IZ 079155 (MS NAME); Atlantic Ocean; Caribbean Sea; Barbados; off Barbados; Alexander E. Agassiz, U.S. Coast Survey Stmr. Blake; 1879-03-10",Acanthogorgia hispida,"Alexander E. Agassiz, U.S. Coast Survey Stmr. Blake",1879-03-10,13.0900,-59.6458,,,,,,Barbados,off Barbados,sea fans and sea whips; stony corals and anemones; cnidarians; corals; animals,,,,,Addison E. Verrill,,Acanthogorgia hispida,MS NAME. Det. by: Addison E. Verrill
4196856,urn:uuid:c80c7ea0-beba-442f-ac3b-80d0895d6ed0,2016-03-14T23:25:19.000Z,YPM IZ 005928.CN,"Acanthogorgia macrosclera; YPM IZ 005928.CN (MS NAME); Atlantic Ocean; Caribbean Sea; Montserrat; off Montserrat; Alexander E. Agassiz, U.S. Coast Survey Stmr. Blake; 1879-01-16",Acanthogorgia macrosclera,"Alexander E. Agassiz, U.S. Coast Survey Stmr. Blake",1879-01-16,16.6983,-62.2233,,,,,,Montserrat,off Montserrat,sea fans and sea whips; stony corals and anemones; cnidarians; corals; animals,,,,,Addison E. Verrill,,Acanthogorgia macrosclera,MS NAME. Det. by: Addison E. Verrill
4196854,urn:uuid:a35bbb1e-8684-4248-863e-87bafe2703c0,2016-03-16T15:23:08.000Z,YPM IZ 079123,"Acanthogorgia macrosclera; YPM IZ 079123 (MS NAME); Atlantic Ocean; Caribbean Sea; Barbados; SE of Barbados; Alexander E. Agassiz, U.S. Coast Survey Stmr. Blake; 1879-03-05",Acanthogorgia macrosclera,"Alexander E. Agassiz, U.S. Coast Survey Stmr. Blake",1879-03-05,13.0639,-59.6181,,,Barbados,,,,SE of Barbados,sea fans and sea whips; stony corals and anemones; cnidarians; corals; animals,,,,,Addison E. Verrill,,Acanthogorgia macrosclera,MS NAME. Det. by: Addison E. Verrill
4187975,urn:uuid:d49b0ce5-f30e-4a45-8373-862b450f5e58,2016-05-12T15:55:56.000Z,YPM IZ 005854.CN,"Acanthogorgia muricata; YPM IZ 005854.CN (SYNTYPE); Atlantic Ocean; Caribbean Sea; Barbados; Bridgetown; off Bridgetown; Alexander E. Agassiz, U.S. Coast Survey Stmr. Blake; 1879-03-05",Acanthogorgia muricata,"Alexander E. Agassiz, U.S. Coast Survey Stmr. Blake",1879-03-05,13.0700,-59.6125,,,Barbados,,,Bridgetown,off Bridgetown,sea fans and sea whips; stony corals and anemones; cnidarians; corals; animals,,,,,,"Verrill, Addison E. 1883. Report on the Anthozoa, and on some additional species dredged by the ""Blake"" in 1877-79, and by the U.S. Fish Commission steamer ""Fish Hawk"" in 1880-1882. Bulletin of the Museum of Comparative Zoology Harvard University. 11 (1):",Acanthogorgia schrammi|Acanthogorgia muricata,"HYPOTYPE. See: Deichmann, Elisabeth. 1936. The Alcyonaria of the western part of the Atlantic Ocean. Memoirs of the Museum of Comparative Zoology at Harvard College. 53: 1-317, pls. 1-37.|SYNTYPE. See: Verrill, Addison E. 1883. Report on the Anthozoa, and on some additional species dredged by the ""Blake"" in 1877-79, and by the U.S. Fish Commission steamer ""Fish Hawk"" in 1880-1882. Bulletin of the Museum of Comparative Zoology Harvard University. 11 (1):"
4196855,urn:uuid:bdf5a971-8357-4501-b548-e2ce0e3f6c1a,2016-03-14T23:25:19.000Z,YPM IZ 005912.CN,"Acanthogorgia regularis; YPM IZ 005912.CN (MS NAME); Atlantic Ocean; Caribbean Sea; Guadeloupe; off Guadeloupe; Alexander E. Agassiz, U.S. Coast Survey Stmr. Blake; 1879-01-20",Acanthogorgia regularis,"Alexander E. Agassiz, U.S. Coast Survey Stmr. Blake",1879-01-20,16.06111,-61.90069,,,,,,Guadeloupe,off Guadeloupe,sea fans and sea whips; stony corals and anemones; cnidarians; corals; animals,,,,,Addison E. Verrill,,Acanthogorgia regularis,MS NAME. Det. by: Addison E. Verrill
4195995,urn:uuid:326072f2-e990-4b94-ad0d-210d96f9712c,2016-03-09T23:25:34.000Z,YPM IZ 005763.CN,Acanthogorgia rugosa; YPM IZ 005763.CN (MS NAME),Acanthogorgia rugosa,,,,,,,,,,,,sea fans and sea whips; stony corals and anemones; cnidarians; corals; animals,,,,,Addison E. Verrill,,Acanthogorgia rugosa,MS NAME. Det. by: Addison E. Verrill
4195994,urn:uuid:32d80ac6-6a79-47d2-bf7a-c8a8708b4915,2016-03-14T10:19:26.000Z,YPM IZ 006551.CN,Acanthogorgia rugosa; YPM IZ 006551.CN (MS NAME),Acanthogorgia rugosa,,,,,,,,,,,,sea fans and sea whips; stony corals and anemones; cnidarians; corals; animals,,,,,Addison E. Verrill,,Acanthogorgia rugosa,MS NAME. Det. by: Addison E. Verrill
2912641,urn:uuid:f63f2710-1076-484a-aa38-2faebb6cb78e,2015-12-06T11:47:16.000Z,YPM IZ 028548,"Acanthogorgia; YPM IZ 028548; North America; Atlantic Ocean; USA; Manning Seamount; Coordinates: X 1693, Y 1644; Les Watling, Scott C. France, R/V Atlantis Cruise AT08-01; 2003-07-13",Acanthogorgia,"Les Watling, Scott C. France, R/V Atlantis Cruise AT08-01",2003-07-13,38.2648,-60.5473,,North America,USA,,,Manning Seamount,"Coordinates: X 1693, Y 1644",sea fans and sea whips; stony corals and anemones; cnidarians; corals; animals,,,,,J. A. Moore,,Acanthogorgia,Det. by: J. A. Moore 2003
2912649,urn:uuid:c32e4a8c-6e22-4432-af53-e3d7b5088599,2015-12-06T11:47:12.000Z,YPM IZ 028550,"Acanthogorgia; YPM IZ 028550; North America; Atlantic Ocean; USA; Manning Seamount; Coordinates: X 1691, Y 1645; Les Watling, Scott C. France, R/V Atlantis Cruise AT08-01; 2003-07-13",Acanthogorgia,"Les Watling, Scott C. France, R/V Atlantis Cruise AT08-01",2003-07-13,38.2648,-60.5474,,North America,USA,,,Manning Seamount,"Coordinates: X 1691, Y 1645",sea fans and sea whips; stony corals and anemones; cnidarians; corals; animals,,,,,J. A. Moore,,Acanthogorgia,Det. by: J. A. Moore 2003
2925669,urn:uuid:7b8241d5-2091-4e7f-b0fe-c1ab59149d3a,2016-03-16T15:23:08.000Z,YPM IZ 035387,"Acanthogorgia; YPM IZ 035387; North America; Atlantic Ocean; USA; Retriever Seamount; South side of summit; Jon A. Moore, R/V Ronald Brown Cruise RB04-04; 2004-05-22/2004-05-23",Acanthogorgia,"Jon A. Moore, R/V Ronald Brown Cruise RB04-04",2004-05-22/2004-05-23,39.7803,-66.2491,,North America,USA,,,Retriever Seamount,South side of summit,sea fans and sea whips; stony corals and anemones; cnidarians; corals; animals,,,,,J. A. Moore,,Acanthogorgia,Det. by: J. A. Moore 2004
2925670,urn:uuid:14e70ab7-d985-48db-89cc-939986918945,2016-03-16T15:23:08.000Z,YPM IZ 035388,"Acanthogorgia; YPM IZ 035388; North America; Atlantic Ocean; USA; Retriever Seamount; South side of summit; Jon A. Moore, R/V Ronald Brown Cruise RB04-04; 2004-05-22/2004-05-23",Acanthogorgia,"Jon A. Moore, R/V Ronald Brown Cruise RB04-04",2004-05-22/2004-05-23,39.7803,-66.2491,,North America,USA,,,Retriever Seamount,South side of summit,sea fans and sea whips; stony corals and anemones; cnidarians; corals; animals,,,,,J. A. Moore,,Acanthogorgia,Det. by: J. A. Moore 2004
2920244,urn:uuid:60d4ef50-3207-4ba8-aba8-2576d112cc30,2016-03-07T11:41:34.000Z,YPM IZ 047665,"Acanthogorgia; YPM IZ 047665; North America; Atlantic Ocean; Canada; Nova Scotia; Western Bank; Thomas Goodwin, Schr. Elisha Crowell; 1878",Acanthogorgia,"Thomas Goodwin, Schr. Elisha Crowell",1878,,,,North America,Canada,Nova Scotia,,Western Bank,,sea fans and sea whips; stony corals and anemones; cnidarians; corals; animals,,,,,,,Acanthogorgia
3836804,urn:uuid:7a1283fa-6dc6-4613-b296-668e5393fd95,2016-03-07T11:41:34.000Z,YPM IZ 069330,"Acanthogorgia; YPM IZ 069330; North America; Atlantic Ocean; USA; Picket Seamount; Lauren Mullineaux, Selene Eltgroth, R/V Atlantis Cruise AT12-01; 2005-10-28",Acanthogorgia,"Lauren Mullineaux, Selene Eltgroth, R/V Atlantis Cruise AT12-01",2005-10-28,39.6539919,-65.9487269,,North America,USA,,,Picket Seamount,,sea fans and sea whips; stony corals and anemones; cnidarians; corals; animals,,,,,,,Acanthogorgia
3969465,urn:uuid:64dd494f-7662-4caa-8c95-70f2e9b8a566,2016-03-07T11:41:34.000Z,YPM IZ 071558,"Acanthogorgia; YPM IZ 071558; Atlantic Ocean; Bear Seamount; J. A. Moore, R/V Pisces, Cruise PC-12-05; 2012-09-03/2012-09-04",Acanthogorgia,"J. A. Moore, R/V Pisces, Cruise PC-12-05",2012-09-03/2012-09-04,39.92766,-67.42720,,,,,,Bear Seamount,,sea fans and sea whips; stony corals and anemones; cnidarians; corals; animals,,,,,,,Acanthogorgia
4203901,urn:uuid:e15d049f-cc5e-4a7e-9949-c5a0f8e4a986,2016-04-15T14:12:43.000Z,YPM IZ 079575,Acanthogorgia; YPM IZ 079575; North America; Atlantic Ocean; Canada; Nova Scotia; Sable Island Bank,Acanthogorgia,,,,,,North America,Canada,Nova Scotia,,Sable Island Bank,,sea fans and sea whips; stony corals and anemones; cnidarians; corals; animals,,,,,Addison E. Verrill,,Acanthogorgia,Det. by: Addison E. Verrill
4162131,urn:uuid:18e3fa45-76bf-445d-ab99-a5f86ccaeb94,2016-03-15T11:44:19.000Z,YPM IZ 005965.CN,"Aristogorgia muricata ordinata; YPM IZ 005965.CN (MS NAME); Atlantic Ocean; Caribbean Sea; Barbados; SE of Barbados; Alexander E. Agassiz, U.S. Coast Survey Stmr. Blake; 1879-03-05",Aristogorgia muricata ordinata,"Alexander E. Agassiz, U.S. Coast Survey Stmr. Blake",1879-03-05,13.0639,-59.6181,,,Barbados,,,,SE of Barbados,sea fans and sea whips; stony corals and anemones; cnidarians; corals; animals,,,,,Addison E. Verrill,,Aristogorgia muricata ordinata,MS NAME. Det. by: Addison E. Verrill
4198234,urn:uuid:283b215c-4407-4b1b-83a1-e1a8c02cfe62,2016-03-22T09:08:54.000Z,YPM IZ 005889.CN,"Calicogorgia coronata; YPM IZ 005889.CN (MS NAME); Atlantic Ocean; Caribbean Sea; St. Lucia; off St. Lucia; Alexander E. Agassiz, U.S. Coast Survey Stmr. Blake; 1879-02-15",Calicogorgia coronata,"Alexander E. Agassiz, U.S. Coast Survey Stmr. Blake",1879-02-15,13.8306,-61.0639,,,,,,St. Lucia,off St. Lucia,sea fans and sea whips; stony corals and anemones; cnidarians; corals; animals,,,,,Addison E. Verrill,,Calicogorgia coronata,MS NAME. Det. by: Addison E. Verrill
4198237,urn:uuid:a71a4af1-bfa9-47f8-99bc-c993287a6b40,2016-03-18T11:05:45.000Z,YPM IZ 005921.CN,"Calicogorgia coronella; YPM IZ 005921.CN (MS NAME); Atlantic Ocean; Caribbean Sea; Barbados; S of Barbados; Alexander E. Agassiz, U.S. Coast Survey Stmr. Blake; 1879-03-06",Calicogorgia coronella,"Alexander E. Agassiz, U.S. Coast Survey Stmr. Blake",1879-03-06,12.9133,-59.6083,,,Barbados,,,,S of Barbados,sea fans and sea whips; stony corals and anemones; cnidarians; corals; animals,,,,,Addison E. Verrill,,Calicogorgia coronella,MS NAME. Det. by: Addison E. Verrill
4198363,urn:uuid:7479c349-721e-45c0-a699-e8b1c228cc30,2016-03-18T23:25:08.000Z,YPM IZ 079193,Calicogorgia laxa; YPM IZ 079193 (MS NAME); Atlantic Ocean; Caribbean Sea; West Indies; station unknown; U.S. Coast Survey Stmr. Blake,Calicogorgia laxa,U.S. Coast Survey Stmr. Blake,,,,,,,,,West Indies,station unknown,sea fans and sea whips; stony corals and anemones; cnidarians; corals; animals,,,,,Addison E. Verrill,,Calicogorgia laxa|Paramuricea lacerata|Paramuricea laxa|Paramuricea sublaxa,MS NAME. Det. by: Addison E. Verrill|MS NAME. Det. by: Addison E. Verrill|MS NAME. Det. by: Addison E. Verrill|MS NAME. Det. by: Addison E. Verrill
4168741,urn:uuid:95c2184a-3155-4e00-8658-55a422dad2aa,2016-03-22T10:53:25.000Z,YPM IZ 078585,"Calicogorgia parviflora; YPM IZ 078585 (MS NAME); North America; Atlantic Ocean; USA; Florida; Straits of Florida; about 30 miles S of Sombrero Key; Louis F. Pourtales, U.S. Coast Survey Stmr. Bibb; 1868-05-04",Calicogorgia parviflora,"Louis F. Pourtales, U.S. Coast Survey Stmr. Bibb",1868-05-04,24.2389,-80.9944,,North America,USA,Florida,,Straits of Florida,about 30 miles S of Sombrero Key,sea fans and sea whips; stony corals and anemones; cnidarians; corals; animals,,,,,Addison E. Verrill,,Calicogorgia parviflora|Homeogorgia parviflora,MS NAME. Det. by: Addison E. Verrill|MS NAME. Det. by: Addison E. Verrill
4193529,urn:uuid:32f9fc93-b967-48a2-8b82-882a77f7091b,2016-03-22T10:53:42.000Z,YPM IZ 078878,"Calicogorgia parviflora; YPM IZ 078878 (MS NAME); Atlantic Ocean; Cuba; Havana Province; Havana; 1.6 miles off Chorrera Harbor; Louis F. Pourtales, U.S. Coast Survey Stmr. Corwin; 1867-05-24",Calicogorgia parviflora,"Louis F. Pourtales, U.S. Coast Survey Stmr. Corwin",1867-05-24,,,,,Cuba,Havana Province,,Havana,1.6 miles off Chorrera Harbor,sea fans and sea whips; stony corals and anemones; cnidarians; corals; animals,,,,,Addison E. Verrill,PUBLWEB.,Calicogorgia parviflora|Stenogorgia parviflora|Paramuricea parviflora|Swiftia exserta,"MS NAME. Det. by: Addison E. Verrill|MS NAME. Det. by: Addison E. Verrill|MS NAME. Det. by: Addison E. Verrill|HYPOTYPE. See: Pourtales, Louis F. 1867. Contributions to the fauna of the Gulf Stream at great depths. Bulletin of the Museum of Comparative Zoology Harvard University. 1: 103-120."
4198213,urn:uuid:98d68704-63ce-4f21-8201-cc84a7847689,2016-03-18T11:06:22.000Z,YPM IZ 005905.CN,"Calicogorgia pauciflora; YPM IZ 005905.CN (MS NAME); Atlantic Ocean; Caribbean Sea; Grenadines; off Grenadines; Alexander E. Agassiz, U.S. Coast Survey Stmr. Blake; 1879-02-23",Calicogorgia pauciflora,"Alexander E. Agassiz, U.S. Coast Survey Stmr. Blake",1879-02-23,12.5458,-61.4875,,,,,,Grenadines,off Grenadines,sea fans and sea whips; stony corals and anemones; cnidarians; corals; animals,,,,,Addison E. Verrill,,Calicogorgia pauciflora|Paramuricea pauciflora,MS NAME. Det. by: Addison E. Verrill|MS NAME. Det. by: Addison E. Verrill
4198364,urn:uuid:8e0b3276-67ef-40e9-ac54-71f1aa75f8eb,2016-03-22T10:51:26.000Z,YPM IZ 079192,"Calicogorgia pusilla; YPM IZ 079192 (MS NAME); North America; Atlantic Ocean; USA; Florida; Straits of Florida; about 30 miles S of Sombrero Key; Louis F. Pourtales, U.S. Coast Survey Stmr. Bibb; 1868-05-04",Calicogorgia pusilla,"Louis F. Pourtales, U.S. Coast Survey Stmr. Bibb",1868-05-04,24.2389,-80.9944,,North America,USA,Florida,,Straits of Florida,about 30 miles S of Sombrero Key,sea fans and sea whips; stony corals and anemones; cnidarians; corals; animals,,,,,Addison E. Verrill,,Calicogorgia pusilla|Homeogorgia pusilla,MS NAME. Det. by: Addison E. Verrill|MS NAME. Det. by: Addison E. Verrill
4198232,urn:uuid:e95af285-6570-4947-b01d-dfd0830ecaa9,2016-03-22T10:53:02.000Z,YPM IZ 079184,"Homeogorgia simplex; YPM IZ 079184 (MS NAME); North America; Atlantic Ocean; USA; Florida; Straits of Florida; about 30 miles S of Sombrero Key; Louis F. Pourtales, U.S. Coast Survey Stmr. Bibb; 1868-05-04",Homeogorgia simplex,"Louis F. Pourtales, U.S. Coast Survey Stmr. Bibb",1868-05-04,24.2389,-80.9944,,North America,USA,Florida,,Straits of Florida,about 30 miles S of Sombrero Key,sea fans and sea whips; stony corals and anemones; cnidarians; corals; animals,,,,,Addison E. Verrill,,Homeogorgia simplex,MS NAME. Det. by: Addison E. Verrill
